State Agency or Indian Tribal Organization,2012-10-01 00:00:00,2012-11-01 00:00:00,2012-12-01 00:00:00,2013-01-01 00:00:00,2013-02-01 00:00:00,2013-03-01 00:00:00,2013-04-01 00:00:00,2013-05-01 00:00:00,2013-06-01 00:00:00,2013-07-01 00:00:00,2013-08-01 00:00:00,2013-09-01 00:00:00,Average Participation
Connecticut,11891.0,11763.0,11328.0,11786.0,11159.0,11070.0,11379.0,11666.0,11387.0,11587.0,11570.0,11376.0,11496.833333333334
Maine,5327.0,5194.0,5075.0,5247.0,5187.0,5218.0,5249.0,5240.0,5129.0,5008.0,5025.0,5094.0,5166.083333333333
Massachusetts,28120.0,27724.0,27024.0,27770.0,27234.0,27108.0,27214.0,27252.0,26638.0,26532.0,26737.0,26690.0,27170.25
New Hampshire,3711.0,3729.0,3606.0,3730.0,3587.0,3583.0,3594.0,3679.0,3540.0,3605.0,3615.0,3560.0,3628.25
New York,124348.0,122963.0,120225.0,122801.0,121629.0,121443.0,122095.0,122312.0,120560.0,119691.0,119643.0,118648.0,121363.16666666667
Rhode Island,5300.0,5201.0,5006.0,5160.0,5077.0,5050.0,5042.0,5013.0,4913.0,4957.0,4988.0,5070.0,5064.75
Vermont,3233.0,3207.0,3103.0,3111.0,3156.0,3098.0,3084.0,3097.0,3110.0,3073.0,3141.0,3125.0,3128.1666666666665
"Indian Township, ME",17.0,17.0,14.0,14.0,10.0,13.0,13.0,14.0,12.0,12.0,12.0,11.0,13.25
"Pleasant Point, ME",14.0,17.0,17.0,16.0,14.0,12.0,12.0,17.0,18.0,13.0,13.0,13.0,14.666666666666666
"Seneca Nation, NY",28.0,30.0,21.0,24.0,20.0,26.0,29.0,31.0,34.0,36.0,38.0,34.0,29.25
Delaware,4356.0,4231.0,4155.0,4167.0,4059.0,4073.0,4294.0,4304.0,4445.0,4441.0,4489.0,4423.0,4286.416666666667
District of Columbia,4035.0,4025.0,3894.0,3944.0,3946.0,3924.0,4043.0,4047.0,3968.0,4008.0,4017.0,4015.0,3988.8333333333335
Maryland,35077.0,34911.0,34097.0,34965.0,34927.0,34520.0,34708.0,34693.0,34422.0,34464.0,34393.0,34220.0,34616.416666666664
New Jersey,39343.0,37953.0,37311.0,38943.0,38035.0,38058.0,38640.0,38767.0,38362.0,37976.0,38496.0,38303.0,38348.916666666664
Pennsylvania,57137.0,57349.0,56284.0,57431.0,57358.0,56949.0,57403.0,57796.0,57086.0,56948.0,57466.0,57396.0,57216.916666666664
Puerto Rico,38068.0,37195.0,35718.0,36765.0,37180.0,36819.0,37001.0,37123.0,36302.0,35654.0,35947.0,35614.0,36615.5
Virginia,39890.0,39612.0,38419.0,39200.0,38843.0,38914.0,39007.0,39315.0,39036.0,39295.0,39417.0,39476.0,39202
Virgin Islands,1167.0,1137.0,1077.0,1065.0,1059.0,1049.0,1082.0,1114.0,1121.0,1140.0,1141.0,1160.0,1109.3333333333333
West Virginia,11353.0,11177.0,10893.0,11283.0,11012.0,11036.0,11010.0,11038.0,10829.0,11068.0,11213.0,11019.0,11077.583333333334
Alabama,32670.0,32142.0,30954.0,32024.0,31140.0,31099.0,31271.0,32064.0,31872.0,32283.0,32449.0,32284.0,31854.333333333332
Florida,121132.0,118372.0,115019.0,117779.0,116883.0,115768.0,116400.0,116879.0,116776.0,117823.0,118449.0,118471.0,117479.25
Georgia,72917.0,71289.0,69609.0,70871.0,69410.0,69038.0,69093.0,69787.0,70013.0,70642.0,71293.0,70993.0,70412.91666666667
Kentucky,31604.0,31263.0,30593.0,31157.0,31103.0,31219.0,31177.0,31317.0,31404.0,31356.0,31550.0,31314.0,31254.75
Mississippi,20162.0,20292.0,18900.0,20435.0,19730.0,19818.0,20189.0,20436.0,20126.0,20459.0,20546.0,20205.0,20108.166666666668
North Carolina,62176.0,61551.0,59542.0,60604.0,59970.0,59606.0,59935.0,60741.0,60368.0,60876.0,62041.0,62714.0,60843.666666666664
South Carolina,33167.0,32813.0,31949.0,32809.0,32381.0,32070.0,32268.0,32313.0,31968.0,31829.0,31680.0,31524.0,32230.916666666668
Tennessee,43486.0,43114.0,42058.0,42490.0,41981.0,41405.0,41326.0,41564.0,41585.0,41916.0,42310.0,42404.0,42136.583333333336
"Choctaw Indians, MS",123.0,127.0,135.0,150.0,138.0,140.0,135.0,135.0,133.0,131.0,137.0,150.0,136.16666666666666
"Eastern Cherokee, NC",129.0,135.0,129.0,141.0,140.0,135.0,138.0,143.0,130.0,129.0,130.0,137.0,134.66666666666666
Illinois,67484.0,66417.0,64805.0,66080.0,64924.0,64918.0,64898.0,65299.0,64687.0,64579.0,64881.0,64647.0,65301.583333333336
Indiana,39626.0,39309.0,37974.0,39247.0,38090.0,37783.0,38086.0,38746.0,38464.0,38875.0,39108.0,38795.0,38675.25
Michigan,59112.0,58664.0,57410.0,58119.0,57438.0,57304.0,58001.0,58456.0,58363.0,58899.0,59010.0,59027.0,58316.916666666664
Minnesota,29801.0,29581.0,28917.0,29558.0,29130.0,28953.0,28966.0,29059.0,28949.0,28999.0,29106.0,29145.0,29180.333333333332
Ohio,63827.0,63254.0,61260.0,62229.0,61590.0,60854.0,61338.0,61323.0,60959.0,60899.0,61017.0,60411.0,61580.083333333336
Wisconsin,27056.0,26724.0,25693.0,26368.0,25858.0,25359.0,25602.0,25672.0,25339.0,25635.0,25635.0,25658.0,25883.25
Arkansas,23548.0,23081.0,22480.0,22894.0,22352.0,22375.0,22671.0,22939.0,22763.0,22627.0,22138.0,21659.0,22627.25
Louisiana,34800.0,34649.0,33972.0,34474.0,34426.0,34186.0,34627.0,34628.0,34728.0,34429.0,34867.0,35204.0,34582.5
New Mexico,14667.0,14524.0,14141.0,14667.0,14166.0,13938.0,14108.0,14194.0,13856.0,14065.0,14157.0,13857.0,14195
Oklahoma,23835.0,23377.0,22735.0,23024.0,22106.0,22372.0,22297.0,22148.0,21998.0,22325.0,22520.0,22468.0,22600.416666666668
Texas,,,,,,,,,,,,, 
Texas,254940.0,252229.0,246363.0,250287.0,248309.0,246119.0,247875.0,249275.0,249359.0,251039.0,250994.0,249830.0,249718.25
"Acoma, Canoncito & Laguna, NM",113.0,113.0,114.0,117.0,114.0,109.0,117.0,120.0,113.0,128.0,141.0,134.0,119.41666666666667
"Eight Northern Pueblos, NM",50.0,49.0,54.0,48.0,52.0,52.0,51.0,51.0,52.0,56.0,56.0,52.0,51.916666666666664
"Five Sandoval Pueblos, NM",61.0,62.0,58.0,64.0,68.0,67.0,69.0,56.0,54.0,60.0,68.0,61.0,62.333333333333336
"Isleta Pueblo, NM",168.0,180.0,189.0,210.0,215.0,215.0,222.0,230.0,227.0,245.0,225.0,219.0,212.08333333333334
"San Felipe Pueblo, NM",74.0,74.0,63.0,72.0,70.0,64.0,67.0,58.0,57.0,59.0,56.0,54.0,64
"Santo Domingo Tribe, NM",45.0,42.0,48.0,52.0,48.0,43.0,47.0,46.0,44.0,48.0,43.0,45.0,45.916666666666664
"Zuni Pueblo, NM",182.0,161.0,171.0,156.0,166.0,155.0,162.0,153.0,156.0,147.0,147.0,142.0,158.16666666666666
"Cherokee Nation, OK",1716.0,1721.0,1641.0,1715.0,1614.0,1567.0,1621.0,1637.0,1614.0,1657.0,1624.0,1649.0,1648
"Chickasaw Nation, OK",937.0,895.0,891.0,951.0,918.0,887.0,928.0,916.0,919.0,979.0,977.0,967.0,930.4166666666666
"Choctaw Nation, OK",999.0,973.0,915.0,913.0,884.0,870.0,841.0,861.0,886.0,886.0,912.0,917.0,904.75
"Citizen Potawatomi Nation, OK",269.0,247.0,237.0,275.0,266.0,294.0,314.0,309.0,310.0,317.0,300.0,313.0,287.5833333333333
"Inter-Tribal Council, OK",184.0,187.0,181.0,186.0,184.0,171.0,176.0,185.0,196.0,205.0,213.0,221.0,190.75
"Muscogee Creek Nation, OK",624.0,593.0,602.0,624.0,617.0,607.0,610.0,614.0,628.0,642.0,630.0,654.0,620.4166666666666
"Osage Tribal Council, OK",640.0,654.0,660.0,666.0,643.0,626.0,466.0,347.0,377.0,456.0,525.0,534.0,549.5
"Otoe-Missouria Tribe, OK",136.0,131.0,129.0,122.0,107.0,105.0,108.0,110.0,107.0,109.0,116.0,114.0,116.16666666666667
"Wichita, Caddo & Delaware (WCD), OK",969.0,961.0,952.0,996.0,968.0,973.0,949.0,966.0,957.0,959.0,945.0,905.0,958.3333333333334
Colorado,24357.0,23926.0,23209.0,23478.0,23216.0,23139.0,22975.0,23176.0,22943.0,22787.0,22996.0,22958.0,23263.333333333332
Iowa,15857.0,15774.0,15285.0,15882.0,15539.0,15589.0,15514.0,15569.0,15596.0,15727.0,15898.0,15807.0,15669.75
Kansas,17224.0,16757.0,16600.0,17144.0,15472.0,15618.0,15569.0,15927.0,15596.0,15814.0,15819.0,15725.0,16105.416666666666
Missouri,36418.0,36293.0,35620.0,36758.0,35111.0,35292.0,35476.0,35839.0,35537.0,35989.0,36265.0,36226.0,35902
Montana,4627.0,4632.0,4510.0,4593.0,4513.0,4472.0,4534.0,4634.0,4598.0,4648.0,4652.0,4620.0,4586.083333333333
Nebraska,8911.0,8965.0,8469.0,8944.0,8634.0,8661.0,8852.0,9011.0,8916.0,9107.0,9224.0,9072.0,8897.166666666666
North Dakota,2997.0,2884.0,2705.0,2898.0,2813.0,2717.0,2884.0,2807.0,2807.0,2866.0,2828.0,2854.0,2838.3333333333335
South Dakota,4308.0,4201.0,4047.0,4158.0,3961.0,3873.0,3904.0,4027.0,4012.0,4154.0,4040.0,3932.0,4051.4166666666665
Utah,17098.0,17099.0,16708.0,16900.0,16750.0,16703.0,16603.0,16549.0,16213.0,16074.0,16186.0,16205.0,16590.666666666668
Wyoming,2794.0,2619.0,2660.0,2747.0,2717.0,2735.0,2747.0,2788.0,2797.0,2851.0,2848.0,2826.0,2760.75
"Ute Mountain Ute Tribe, CO",41.0,44.0,39.0,37.0,33.0,39.0,40.0,44.0,50.0,49.0,49.0,45.0,42.5
"Omaha Sioux, NE",32.0,29.0,32.0,27.0,35.0,28.0,33.0,34.0,39.0,39.0,29.0,38.0,32.916666666666664
"Santee Sioux, NE",26.0,26.0,29.0,27.0,30.0,32.0,29.0,27.0,36.0,31.0,27.0,23.0,28.583333333333332
"Winnebago Tribe, NE",38.0,38.0,43.0,44.0,40.0,39.0,47.0,48.0,47.0,47.0,54.0,55.0,45
"Standing Rock Sioux Tribe, ND",162.0,158.0,162.0,156.0,140.0,139.0,146.0,150.0,147.0,143.0,135.0,144.0,148.5
"Three Affiliated Tribes, ND",69.0,64.0,62.0,58.0,58.0,59.0,59.0,64.0,60.0,59.0,62.0,66.0,61.666666666666664
"Cheyenne River Sioux, SD",148.0,139.0,128.0,132.0,131.0,141.0,136.0,142.0,145.0,145.0,125.0,135.0,137.25
"Rosebud Sioux, SD",274.0,273.0,265.0,286.0,274.0,268.0,264.0,268.0,264.0,274.0,276.0,287.0,272.75
"Northern Arapahoe, WY",123.0,113.0,113.0,112.0,114.0,120.0,111.0,103.0,101.0,107.0,110.0,110.0,111.41666666666667
"Shoshone Tribe, WY",43.0,42.0,46.0,51.0,58.0,53.0,54.0,54.0,55.0,45.0,47.0,44.0,49.333333333333336
Mountain Plains,135547.0,134076.0,130732.0,134432.0,129639.0,129717.0,129977.0,131261.0,129959.0,130956.0,131670.0,131172.0,131594.83333333334
Alaska,5854.0,5751.0,5568.0,5586.0,5588.0,5561.0,5548.0,5587.0,5552.0,5427.0,4802.0,5427.0,5520.916666666667
American Samoa,1245.0,1257.0,1205.0,1220.0,1215.0,1235.0,1286.0,1235.0,1252.0,1251.0,1237.0,1235.0,1239.4166666666667
Arizona,40734.0,39270.0,37879.0,39292.0,38178.0,37926.0,38340.0,38525.0,38409.0,38802.0,38816.0,38171.0,38695.166666666664
California,325140.0,320726.0,310691.0,323301.0,318121.0,316282.0,318699.0,318232.0,312135.0,316663.0,315626.0,310912.0,317210.6666666667
Guam,1706.0,1680.0,1644.0,1714.0,1705.0,1755.0,1739.0,1662.0,1620.0,1625.0,1660.0,1636.0,1678.8333333333333
Hawaii,9059.0,8833.0,8441.0,8682.0,8490.0,8341.0,8619.0,8821.0,8555.0,8737.0,8811.0,8679.0,8672.333333333334
Idaho,10814.0,10781.0,10491.0,10648.0,10503.0,10424.0,10568.0,10384.0,10333.0,10363.0,10362.0,10335.0,10500.5
Nevada,17125.0,16922.0,16784.0,17205.0,17015.0,16989.0,17117.0,17176.0,16848.0,16980.0,16973.0,17012.0,17012.166666666668
Oregon,25912.0,25669.0,25024.0,25464.0,25303.0,25140.0,25217.0,25345.0,25091.0,25054.0,25021.0,24998.0,25269.833333333332
Washington,45065.0,44526.0,44442.0,44757.0,43721.0,43576.0,43797.0,44260.0,43228.0,43980.0,43812.0,43427.0,44049.25
Northern Marianas,836.0,803.0,793.0,788.0,754.0,742.0,748.0,760.0,768.0,784.0,783.0,781.0,778.3333333333334
"Inter-Tribal Council, AZ",2206.0,2218.0,2076.0,2205.0,2010.0,1998.0,2040.0,2045.0,2081.0,2163.0,2137.0,2034.0,2101.0833333333335
"Navajo Nation, AZ",2455.0,2435.0,2320.0,2431.0,2292.0,2352.0,2347.0,2377.0,2317.0,2388.0,2378.0,2216.0,2359
"Inter-Tribal Council, NV",244.0,227.0,222.0,221.0,234.0,248.0,249.0,251.0,234.0,255.0,246.0,248.0,239.91666666666666
